order_status,order_id,product_category_name,seller_id
canceled,1b9ecfe83cdc259250e1a8aca174f0ad,informatica_acessorios,9646c3513289980f17226a2fc4720dbd
canceled,714fb133a6730ab81fa1d3c1b2007291,moveis_decoracao,95f83f51203c626648c875dd41874c7f
canceled,3a129877493c8189c59c60eb71d97c29,esporte_lazer,3fd1e727ba94cfe122d165e176ce7967
canceled,0966b61e30c4a07edbd7523f59b3f3e4,moveis_decoracao,37ceb404da208418c9032f0674e57804
canceled,0966b61e30c4a07edbd7523f59b3f3e4,moveis_decoracao,37ceb404da208418c9032f0674e57804
canceled,0966b61e30c4a07edbd7523f59b3f3e4,moveis_decoracao,37ceb404da208418c9032f0674e57804
canceled,9021cf1919f615a121410790dcce848f,perfumaria,8444e55c1f13cd5c179851e5ca5ebd00
canceled,a39d3db795a5cf4c8b6c9dd050f0d326,ferramentas_jardim,a36ac007a4d18f865c8d32c3b2402c2d
canceled,375f80ffc05feb35ce2680f1fa490575,brinquedos,fc99f99385ae90f66f01733856fb88c9
canceled,6bfa92d3952f762df12752e4937cd63e,esporte_lazer,ac6417315ae5da8f9a38ee11de6f7780
canceled,2eb5ba20812f78127f6243fa27fb40e5,esporte_lazer,2f09f7d37a97956d11cc1a7cadd5262b
canceled,1950d777989f6a877539f53795b4c3c3,beleza_saude,2a61c271b1ac763450d846849783e922
canceled,6261f3240a8778c656bd28aeb2ba9985,brinquedos,a673821011d0cec28146ea42f5ab767f
canceled,5ad5a1ef522da1732ab963ea1fb6165b,,c1d1ebb4745cc43cb6f05e9c8a705c9a
canceled,96ae30a2357a999e6010b2f1401af374,informatica_acessorios,45d33f715e24d15a6ccf5c17b3a23e3c
canceled,73c182f8914a0064d6c64ad65e4c6942,brinquedos,fa40cc5b934574b62717c68f3d678b6d
canceled,e5fa5a7210941f7d56d0208e4e071d35,telefonia,a425f92c199eb576938df686728acd20
canceled,8a9cce19aa49e055f2babb81d5a71c40,alimentos,5011f0d93373a4c5753adf58ca77af8d
canceled,c1049eef89915c6beb3604bf3d6588d7,cool_stuff,ceaec5548eefc6e23e6607c5435102e7
canceled,168823ad1b77477540db78ab357f18b5,perfumaria,2089a6d640999f9b9141ac719b2af596
canceled,885935156ba43094f3ae95f3c14e0381,utilidades_domesticas,ca3bd7cd9f149df75950150d010fe4a2
canceled,c504f1f5fd54cc8398d57dc0da49de01,cama_mesa_banho,cfb1a033743668a192316f3c6d1d2671
canceled,bcdad86f44c780bf1aaf24b66dd97753,automotivo,73b8eb4a9a729d4019b24ed1be748cbf
canceled,5b4858f2dcf69731f2285a38829bfa7c,malas_acessorios,dbc22125167c298ef99da25668e1011f
canceled,5b0ee19a3125fc083348baa76d816ed0,informatica_acessorios,e9bc59e7b60fc3063eb2290deda4cced
canceled,12e1495369c542f003eb3ca480f924e3,,1b8b75e227c9a9c100d0c210fb6176ce
canceled,03a8aa5d0860898d421c46247011c686,automotivo,6cf476a4ca74498db55cbccdaa9dcfb6
canceled,bef875448d5a4f703555d2dd5f8382b5,moveis_decoracao,77530e9772f57a62c906e1c21538ab82
canceled,013e9c654a339d80b53513da3c1ea437,utilidades_domesticas,0adac9fbd9a2b63cccaac4f8756c1ca8
canceled,676e40056867189a1b3599f3e646f421,esporte_lazer,38e679b9e0064cd94c6f035707344dae
canceled,676e40056867189a1b3599f3e646f421,esporte_lazer,38e679b9e0064cd94c6f035707344dae
canceled,61792c6272346d7f4b7c5b1747df7b1a,telefonia,02a2272692e13558373c66db98f05e2e
canceled,94bde44a48f191d7175f67eb93b9ed67,telefonia,75d34ebb1bd0bd7dde40dd507b8169c3
canceled,7142b298b22a79a285d2ce792dc533a2,utilidades_domesticas,d66c305afaec317ebee552073a674429
canceled,5687ad45d33870c742b2cdacaf758353,beleza_saude,cc419e0650a3c5ba77189a1882b7556a
canceled,dabf2b0e35b423f94618bf965fcb7514,perfumaria,620c87c171fb2a6dd6e8bb4dec959fc6
canceled,dabf2b0e35b423f94618bf965fcb7514,beleza_saude,620c87c171fb2a6dd6e8bb4dec959fc6
canceled,36f66ebfbd144aa6fb39338bd87b0bf9,cama_mesa_banho,b45d7ebfb7378630f1bcd74b6ff86ff7
canceled,7106ae47c0242d76f336f5430d3ae0fc,brinquedos,7040e82f899a04d1b434b795a43b4617
canceled,7106ae47c0242d76f336f5430d3ae0fc,brinquedos,7040e82f899a04d1b434b795a43b4617
canceled,374bd3371c572eff1218edb0eb68cb96,brinquedos,4c8b8048e33af2bf94f2eb547746a916
canceled,709e43f97cb2a47fa749503419163710,esporte_lazer,7b07b3c7487f0ea825fc6df75abd658b
canceled,b54861ba91f988d9f961bdcd1a9a2026,bebes,ad781527c93d00d89a11eecd9dcad7c1
canceled,27f3ee911b46e671b6393093afebc222,moveis_decoracao,ad8b531ae67582f096925cff5630d0d1
canceled,fa4c59a94711decb9c0410a0e7f878bc,moveis_decoracao,cad9969167c09b48ae6f1d123f7fa68d
canceled,891e419a9019fb81b67212a708cb5f83,esporte_lazer,54065e9aef7e9e9c2dc23b7594db021a
canceled,3e170726582244699b156f1c7044223a,informatica_acessorios,2e3be8a987a30d7544dbbda6861cc14e
canceled,18987e54897a1baddde716aa4a01639c,construcao_ferramentas_construcao,ffff564a4f9085cd26170f4732393726
canceled,b89c3dccabd368d8a4b6778c1094df6b,esporte_lazer,e627629ba868740e287800f1a9be81c2
canceled,acfa87544c19d596707d25cf2f7dab61,beleza_saude,2e1c9f22be269ef4643f826c9e650a52
canceled,dc0c4c970ae6b97b389d2e44a500f931,,e5bd51692380fd8cabb19b756b95e714
canceled,ab2e482aff4baa52ec6da817af85b981,informatica_acessorios,6973a06f484aacf400ece213dbf3d946
canceled,ab2e482aff4baa52ec6da817af85b981,informatica_acessorios,6973a06f484aacf400ece213dbf3d946
canceled,b3f1a526de73a85b4e83ac77cd483a05,perfumaria,8444e55c1f13cd5c179851e5ca5ebd00
canceled,c87de2d1aece481642a24bae4b964b07,ferramentas_jardim,a4b6b9b992b46e9ef863637af96e04bc
canceled,c87de2d1aece481642a24bae4b964b07,ferramentas_jardim,a4b6b9b992b46e9ef863637af96e04bc
canceled,c87de2d1aece481642a24bae4b964b07,ferramentas_jardim,a4b6b9b992b46e9ef863637af96e04bc
canceled,c87de2d1aece481642a24bae4b964b07,ferramentas_jardim,a4b6b9b992b46e9ef863637af96e04bc
canceled,c87de2d1aece481642a24bae4b964b07,ferramentas_jardim,a4b6b9b992b46e9ef863637af96e04bc
canceled,c87de2d1aece481642a24bae4b964b07,ferramentas_jardim,a4b6b9b992b46e9ef863637af96e04bc
canceled,d93ef0caa7a160caec60b4d6833415a6,esporte_lazer,973f21788dfab357250f69a8dcb7ddee
canceled,d93ef0caa7a160caec60b4d6833415a6,esporte_lazer,973f21788dfab357250f69a8dcb7ddee
canceled,46010c67bec146f0c9db27f42149c5d2,utilidades_domesticas,ab9db4cf53b08b828b64dccaafc2d9f0
canceled,3388fa275fc1b344e275af704e8d3156,ferramentas_jardim,e628d4a53c109f09ca88098338b3a3f5
canceled,d1f4276166cee5a37d01beb15e2426fc,eletronicos,a4e634166243bbb3a13fa584463fa468
canceled,230cb5ffb43a10662e4b64e7d02cd171,utilidades_domesticas,4830e40640734fc1c52cd21127c341d4
canceled,230cb5ffb43a10662e4b64e7d02cd171,utilidades_domesticas,4830e40640734fc1c52cd21127c341d4
canceled,735ad119a24ea4a9d6fbfcd9f296920a,instrumentos_musicais,f5a590cf36251cf1162ea35bef76fe84
canceled,efc7c29e1816bb3d30c1e8c207bf87ca,relogios_presentes,1352e06ae67b410cdae0b2a22361167b
canceled,d2feb2f430d7d97b41873672953fe944,bebes,e26901d5ab434ce92fd9b5c256820a4e
canceled,749309f96df588c96621963117e9530f,utilidades_domesticas,508808d438fe2ff972ed13bb8f4a82e2
canceled,5d790fe3637a350e66c1f7f6d91f4c4e,perfumaria,a1ed30492b3b798bc121845bc4aa7366
canceled,5d790fe3637a350e66c1f7f6d91f4c4e,perfumaria,a1ed30492b3b798bc121845bc4aa7366
canceled,2cfc79d9582e9135c0a9b61fa60e6b21,papelaria,dbc22125167c298ef99da25668e1011f
canceled,ad15ae08ead6006cdba6fb5f19b055c8,moveis_decoracao,b335c59ab742f751a85db9c411a86739
canceled,ba0f1e99132c6f69e4622597e9853599,informatica_acessorios,6973a06f484aacf400ece213dbf3d946
canceled,5abf37ab57e23f69a9c8ab98c4800273,papelaria,2a84855fd20af891be03bc5924d2b453
canceled,2701d162dabcb83a27f19ae30e8fea47,automotivo,6c1b6d0c604b776f844125f911eb7377
canceled,263f5778d1130e9c186958780172a107,dvds_blu_ray,75fbb52eda0cbc24f479d3b2fbfa8d3e
canceled,66b7aa4a53c5c138ffe0aa7ac74dbea1,informatica_acessorios,17e34d8224d27a541263c4c64b11a56b
canceled,4b90912a086907b087947c385e8d13b1,construcao_ferramentas_seguranca,45ba18c210d42734ec52c0c1c574e9ee
canceled,697705c05da5ef945de721dd31bf23c6,cama_mesa_banho,67e43d802fde8cfd3f9580124f8167d1
canceled,0605918e96aec0f42a10810d92b5e864,utilidades_domesticas,cd06602b43d8800bd0afad514919d35c
canceled,8caf289ab5d7e3ec7b4522aa22dabbec,bebes,46dc3b2cc0980fb8ec44634e21d2718e
canceled,04b3135bf087618b410a00680576242f,utilidades_domesticas,ec2e006556300a79a5a91e4876ab3a56
canceled,2c8740f9df6d253c15dc035eba80ebed,moveis_decoracao,53e4c6e0f4312d4d2107a8c9cddf45cd
canceled,3f191c1edeb80678998ec0c8683cefcc,informatica_acessorios,85d9eb9ddc5d00ca9336a2219c97bb13
canceled,943625151a5d8d00da80e96a90930e03,eletrodomesticos,9674754b5a0cb32b638cec001178f799
canceled,2ad4df0af7a71d632dccc0129bee3268,pc_gamer,1961c3e1272bfeceb05d0b78b5bbfdaf
canceled,4e27ad7f1a6821ceddc8442eb1875014,informatica_acessorios,c79151301b9d90985d1fa52879213105
canceled,7aa23447e2b8d82e2355605aeac705b4,relogios_presentes,7e93a43ef30c4f03f38b393420bc753a
canceled,c0341f028a07cb3196e3bf4e850066bb,moveis_decoracao,61b893c57e33626afb104d4112b1be76
canceled,82b564e3b8efa4e060e5c950cb6fa9ad,cama_mesa_banho,cce6ab8d1682639fe45ab70234f1665f
canceled,f71952473c83952e23fb55146d59bfe2,eletroportateis,45d33f715e24d15a6ccf5c17b3a23e3c
canceled,37e5806494067b6dcc269c80c272eab2,brinquedos,312ba1d77e9c332ef21f9598b7f64cd7
canceled,37e5806494067b6dcc269c80c272eab2,brinquedos,312ba1d77e9c332ef21f9598b7f64cd7
canceled,8abd0f2c3a61336c2ee97b2785175332,bebes,7a67c85e85bb2ce8582c35f2203ad736
canceled,7e30f6ae5435d7c05b487f7b5e1d61ba,telefonia,ea8482cd71df3c1969d7b9473ff13abc
canceled,5754d3172f19f363edbaf03691b9f989,livros_interesse_geral,c3fe93ba3085f92855c97e57f38c8c05
canceled,e928f5fbefb30f228db4678d9222b231,cama_mesa_banho,d2374cbcbb3ca4ab1086534108cc3ab7
canceled,b7d469b7eb3c07c6d4b96d505c811fea,informatica_acessorios,f262cbc1c910c83959f849465454ddd3
canceled,f823e090c5fffc41f7a863aa7c66e34a,cool_stuff,46dc3b2cc0980fb8ec44634e21d2718e
canceled,815c1f60c4896764d6d70b7fea63863b,bebes,538caafddff204241cecbf3a02e6b3cf
canceled,ce0a53468ddde09e79f73edba370ceec,relogios_presentes,6560211a19b47992c3666cc44a7e94c0
canceled,2bc76dc101f9fa63d195e341cd11a649,beleza_saude,718539d38d07dd351c76db862760e2e2
canceled,a0f2f8b0523207a13f02225bc812ed23,brinquedos,81783131d2a97c8d44d406a4be81b5d9
canceled,5f787bb3e0a01a4f347192157c036791,beleza_saude,b17b679f4f5ce2e03ce6968c62648246
canceled,f7b13a5afd48ca5bcf589a25d5377b00,cool_stuff,c4f7fee5b0db50e87766f5a4d1b1b758
canceled,1469262ec8414d0e3f821bda79cf14cc,automotivo,39d54ff918774174706fb065d7f9dc07
canceled,6683aa4f73f7869ec65ebeeef53f700b,utilidades_domesticas,4e8dacf3d38f281ae26c3e0321d92d88
canceled,6683aa4f73f7869ec65ebeeef53f700b,utilidades_domesticas,4e8dacf3d38f281ae26c3e0321d92d88
canceled,6683aa4f73f7869ec65ebeeef53f700b,utilidades_domesticas,4e8dacf3d38f281ae26c3e0321d92d88
canceled,6683aa4f73f7869ec65ebeeef53f700b,utilidades_domesticas,4e8dacf3d38f281ae26c3e0321d92d88
canceled,6683aa4f73f7869ec65ebeeef53f700b,utilidades_domesticas,4e8dacf3d38f281ae26c3e0321d92d88
canceled,9aeaadde646cd9e4c51638f24ecf63cb,perfumaria,c161d1327ebc3a156c09582ab2f59f6c
canceled,60f0f4f310904e1d0c7d41224fcb45d6,telefonia,ef506c96320abeedfb894c34db06f478
canceled,98e38b5d59b358aaf4d5a08ca9814883,cama_mesa_banho,dd2bdf855a9172734fbc3744021ae9b9
canceled,7582b8c10039cceafcfe7b13e41a91e2,utilidades_domesticas,cca3071e3e9bb7d12640c9fbe2301306
canceled,936a199847ccb47438d3ae454d5e18d1,telefonia,562fc2f2c2863ab7e79a9e4388a58a14
canceled,d688c0804e20281bdd7c7c864fe300fb,eletronicos,c84592044b180dec206770c38603814b
canceled,8f367420ab5fc7305b7383f29ef4ed4e,relogios_presentes,6560211a19b47992c3666cc44a7e94c0
canceled,847e04c1fabd29748790e74c1430c603,beleza_saude,620c87c171fb2a6dd6e8bb4dec959fc6
canceled,cdcdab9c657011a188471120c6c6accf,papelaria,b2ba3715d723d245138f291a6fe42594
canceled,8a02df0db15a7e4f1ba462a2b939a532,consoles_games,18a349e75d307f4b4cc646a691ed4216
canceled,f489dacdbad0317b1ac5e2c190b3ed26,malas_acessorios,dbc22125167c298ef99da25668e1011f
canceled,3656e5952194117e323c383e559941a3,moveis_decoracao,d20b021d3efdf267a402c402a48ea64b
canceled,24c30ddeb5a4b85a61bbb58b9e3d66c9,beleza_saude,3febca52652e7209509ccfe61cbde40e
canceled,2aaab7e991347226dbda1f61c6785f88,bebes,855668e0971d4dfd7bef1b6a4133b41b
canceled,2aaab7e991347226dbda1f61c6785f88,bebes,855668e0971d4dfd7bef1b6a4133b41b
canceled,2aaab7e991347226dbda1f61c6785f88,bebes,855668e0971d4dfd7bef1b6a4133b41b
canceled,2aaab7e991347226dbda1f61c6785f88,bebes,855668e0971d4dfd7bef1b6a4133b41b
canceled,2aaab7e991347226dbda1f61c6785f88,bebes,855668e0971d4dfd7bef1b6a4133b41b
canceled,5c5bada3b8df98250966f5a7a584657d,instrumentos_musicais,9b1050e85becf3ae99c1cf4934c9bc5d
canceled,f3c5d914eec90079a826c2b5ea7fe6bc,cama_mesa_banho,4a3ca9315b744ce9f8e9374361493884
canceled,b85825cdbdab14cc17f2e159f0fba217,bebes,80f2cf9abf6b5a0e5c612b5eea6646e6
canceled,c3514a3dc150acbbf0ab547f1cdc1fe4,cool_stuff,5dc4bdaf869e8c77c648078cbe8d59c2
canceled,5e30dcb2e114da32afe2f0942750616a,automotivo,e46bc031f2c5bae4ccb40bb90712e9b4
canceled,65fc7195f2f70e60bd81a12c69d7389d,instrumentos_musicais,f5a590cf36251cf1162ea35bef76fe84
canceled,bfb074fa3d43b5b13e7a67203ebdedf5,construcao_ferramentas_jardim,f80edd2c5aaa505cc4b0a3b219abf4b8
canceled,00ae7a8b4936674ebb701d4a23719a79,automotivo,bf0d50a6410d487dc97d2baac0a8c0be
canceled,a9957adf297a6be5e8625b3e93329c6d,dvds_blu_ray,491a5ada3aa1678414e990262c4bbdc1
canceled,642a8a89c36a8b2f4884cd8e68168247,cama_mesa_banho,8a32e327fe2c1b3511609d81aaf9f042
canceled,2e8a59579f027832343436a97c22499b,brinquedos,bacb1f0ed56ad24198f5810d2b3fe9a5
canceled,6954eac303f94f5f51b80deb4ba7be50,esporte_lazer,9b00ed88b7fdb95d6ff76e27c1b52d16
canceled,c8a39e88e6ff246e21f6fc93c50a2e88,utilidades_domesticas,784ba75dd9d20200c4caed3d7a77141a
canceled,6feadaaee762109cbc3bfaf93254fab9,fashion_bolsas_e_acessorios,891071be6ba827b591264c90c2ae8a63
canceled,5b3367de06e5c2955a98de36a52fbe1a,consoles_games,4869f7a5dfa277a7dca6462dcf3b52b2
canceled,7c0659561e8e95e839b8a4f9f4b6fab9,brinquedos,b2ba3715d723d245138f291a6fe42594
canceled,a9c8ac0c26c178f0ad33618f96225a01,eletronicos,73a63f72308aa20a46f4b1632018f196
canceled,a9c8ac0c26c178f0ad33618f96225a01,eletronicos,73a63f72308aa20a46f4b1632018f196
canceled,a9c8ac0c26c178f0ad33618f96225a01,eletronicos,73a63f72308aa20a46f4b1632018f196
canceled,a9c8ac0c26c178f0ad33618f96225a01,eletronicos,73a63f72308aa20a46f4b1632018f196
canceled,a9c8ac0c26c178f0ad33618f96225a01,eletronicos,73a63f72308aa20a46f4b1632018f196
canceled,1c95864be748aeb7e70002b2d365646f,informatica_acessorios,36a968b544695394e4e9d7572688598f
canceled,e5476d1c0a9bcc909b2f4bc24559bdde,ferramentas_jardim,c9a06ece156bb057372c68718ec8909b
canceled,c94939ec208457c136427d40ea7bb4cf,eletroportateis,23d7c96d4a1160db1c726b248601b25a
canceled,5f0dfd096a455e93ffb4ee0635b32264,utilidades_domesticas,f8db351d8c4c4c22c6835c19a46f01b0
canceled,b5d4eb6b98c48a1d20e7a7663881bdd0,papelaria,dbc22125167c298ef99da25668e1011f
canceled,7525729ed75b4d65c84bf8499bef7df2,moveis_sala,4d6fb82c629c7a5028bfd973c07b05e0
canceled,d01c5b46e00bd214519fe9f64bbb2649,,ffff564a4f9085cd26170f4732393726
canceled,4fafa25ee16300a26f7ef92f3d15b58b,moveis_cozinha_area_de_servico_jantar_e_jardim,f543ba3c973276f519d89d59bd46cead
canceled,2db84a082bda455eb1da10727e7ca621,beleza_saude,955fee9216a65b617aa5c0531780ce60
canceled,541d81a8afee2348b192cc10df37367c,construcao_ferramentas_seguranca,4a3ccda38b2129705f3fb522db62ca31
canceled,541d81a8afee2348b192cc10df37367c,construcao_ferramentas_seguranca,4a3ccda38b2129705f3fb522db62ca31
canceled,541d81a8afee2348b192cc10df37367c,construcao_ferramentas_seguranca,4a3ccda38b2129705f3fb522db62ca31
canceled,541d81a8afee2348b192cc10df37367c,construcao_ferramentas_seguranca,4a3ccda38b2129705f3fb522db62ca31
canceled,3addeedb2235eeb1e75dd513cd6eeb35,esporte_lazer,c3867b4666c7d76867627c2f7fb22e21
canceled,37ce40447807e0d3e58cc474ce549881,papelaria,2a84855fd20af891be03bc5924d2b453
canceled,cd94dbdc801da0cd93b0c8f33663973d,informatica_acessorios,f457c46070d02cadd8a68551231220dd
canceled,b8752fc264f1692031237bb715061cc4,beleza_saude,620c87c171fb2a6dd6e8bb4dec959fc6
canceled,0166cc8756d58b4a30fb49de83527120,telefonia,562fc2f2c2863ab7e79a9e4388a58a14
canceled,d8f135a040950408cd059c27a623bd97,bebes,b2ba3715d723d245138f291a6fe42594
canceled,8c3a5781b4f217b12c76e4216007e2db,esporte_lazer,c3867b4666c7d76867627c2f7fb22e21
canceled,e23eaa3bc8275c392145e736dbdea275,automotivo,b1b3948701c5c72445495bd161b83a4c
canceled,fa6d0c0ef7a7849ab7847303d458df3c,bebes,4c8b8048e33af2bf94f2eb547746a916
canceled,6b460c25c2bb8e1323536e9e921d04a1,perfumaria,cc419e0650a3c5ba77189a1882b7556a
canceled,d05cf40cb923ba228822414cc52067c3,cool_stuff,bacb1f0ed56ad24198f5810d2b3fe9a5
unavailable,dc18a044b56ed174037ca164cdf2e921,eletronicos,f0563bacf40c311f1c4d3d6b67b8a7a7
canceled,32e34fe202c1776f1f6670feb9a28a73,moveis_decoracao,782f78b632a43875dd5b53e3e49c9564
canceled,a20191650d84d1d59f72139a87207a3b,papelaria,1da3aeb70d7989d1e6d9b0e887f97c23
canceled,af07804a2d53e8639954baf97fbf803a,cool_stuff,7ddcbb64b5bc1ef36ca8c151f6ec77df
canceled,697495e65867be26f25a3b5df26fcdac,brinquedos,f615fe7efbef0f4f08fd3086bc7a3e60
canceled,3af427dfb9464cd660ac27292bb5d30b,,ac51cac5e20d69ff485a54746488ef48
canceled,90ff3cffbad0c03e76cdb32a788a649e,perfumaria,0307f7565ff85b299b6e5ef162b1b1a9
canceled,4689301ba3cbffea28d57a22a80987c3,brinquedos,bacb1f0ed56ad24198f5810d2b3fe9a5
canceled,4a63bdb264d95eae86109b24b4880aee,bebes,fe49ee029e61e789a1f3a5525f57ba8d
canceled,1cd8d1567debd198821fe9d46d99b5b1,brinquedos,e7f3bf1ecd8526eb7f3b18059e6716e5
canceled,5d9c5817e278892b7498d90bfa28ade8,pet_shop,340636a908b13bbe0f4fb63fbe1d0c03
canceled,5d9c5817e278892b7498d90bfa28ade8,pet_shop,340636a908b13bbe0f4fb63fbe1d0c03
canceled,3f97741c29250239ff213d393949f2e3,cool_stuff,c847e075301870dd144a116762eaff9a
canceled,d98c008ab7402c99b12dc051744284e8,brinquedos,a673821011d0cec28146ea42f5ab767f
canceled,5627a31940ca40213ead4a6a71e7b386,beleza_saude,cc419e0650a3c5ba77189a1882b7556a
canceled,13bdf405f961a6deec817d817f5c6624,utilidades_domesticas,7a241947449cc45dbfda4f9d0798d9d0
canceled,12af24617f25e0c8cd411544f704f2f7,automotivo,d1a1b40ec554c593a1a99366746289dd
canceled,ad430bc59db52b1f7522b6f19e669bc6,automotivo,d65f31d2413268e671989503f6cf9993
canceled,c7da51b752a41bf0fc419eb6b929b582,esporte_lazer,bc47d5d1490df2b36add65d733eafaba
canceled,f289bb2bb19d49b2e6aa64cb10b0e4bc,eletroportateis,81783131d2a97c8d44d406a4be81b5d9
canceled,7114487751b14b1d7f547fefba1eec75,utilidades_domesticas,8e6cc767478edae941d9bd9eb778d77a
canceled,92a0ba3943ad83671830b1091c606671,utilidades_domesticas,ffff564a4f9085cd26170f4732393726
canceled,66418c06e5f1b83ea04c3d1a7221db5d,telefonia_fixa,20b54c376b794ed028df09a3cd88e8dc
canceled,5347a99b50c4d33d2959dcce4e19641c,utilidades_domesticas,8e6cc767478edae941d9bd9eb778d77a
canceled,4c5e883786df8d555be4dc12f11d3fe7,beleza_saude,a416b6a846a11724393025641d4edd5e
canceled,5f416901ed4850dea2341b0c8cf6fde7,esporte_lazer,44f091b5abab8018f682fce8124b85e5
canceled,f7f1e7aa2dda713297141d80375e9509,eletrodomesticos_2,4917cee8d902e13428c3ec4b1ca6f315
canceled,34b3d6f518fb789c443e4ec00f9bb0ce,automotivo,f1c1ac3f3efc07e659c035008e615e66
canceled,34b3d6f518fb789c443e4ec00f9bb0ce,automotivo,f1c1ac3f3efc07e659c035008e615e66
canceled,34b3d6f518fb789c443e4ec00f9bb0ce,automotivo,f1c1ac3f3efc07e659c035008e615e66
canceled,34b3d6f518fb789c443e4ec00f9bb0ce,automotivo,f1c1ac3f3efc07e659c035008e615e66
canceled,34b3d6f518fb789c443e4ec00f9bb0ce,automotivo,f1c1ac3f3efc07e659c035008e615e66
canceled,f3bd213a969549dd53ed48872f4bb69d,consoles_games,7299e27ed73d2ad986de7f7c77d919fa
canceled,16547d000ee8f177f45827613e2a17f3,telefonia,2138ccb85b11a4ec1e37afbd1c8eda1f
canceled,16547d000ee8f177f45827613e2a17f3,telefonia,2138ccb85b11a4ec1e37afbd1c8eda1f
canceled,adf7aaadebc68680921043015e141781,esporte_lazer,7bcd7c5f8631701474db233ccf1c094b
canceled,8cb7144be7be61b57614e79ece54a225,livros_interesse_geral,4dbd95a08b31ede5c82d3f861cb1ce1a
canceled,9bcddf79e9ba13cbf6c32e0916bd42d7,brinquedos,3078096983cf766a32a06257648502d1
canceled,13a60be94bc36bf7c5f1e0a849cdd6e4,moveis_decoracao,5343d0649eca2a983820bfe93fc4d17e
canceled,eea28ef28b84c9907e7417c41813bd34,relogios_presentes,7e93a43ef30c4f03f38b393420bc753a
canceled,84002f994c72707b99788fbbc6f72f3f,telefonia,850913d59ce317156b00f3705f1c3edb
canceled,6ef587afa4703fd874edb7ade8efc7b0,,c1d1ebb4745cc43cb6f05e9c8a705c9a
canceled,b4c4b76c642808cbe472a32b86cddc95,cool_stuff,c4f7fee5b0db50e87766f5a4d1b1b758
canceled,b4c4b76c642808cbe472a32b86cddc95,cool_stuff,c4f7fee5b0db50e87766f5a4d1b1b758
canceled,e9c9e163bd9e8a23c5afab293ed676e2,esporte_lazer,c3867b4666c7d76867627c2f7fb22e21
canceled,dce845cf61098865d01085518184dbb9,papelaria,3d871de0142ce09b7081e2b9d1733cb1
canceled,c4ca4450ac2974ba5eeb4832b7ec724a,automotivo,8581055ce74af1daba164fdbd55a40de
canceled,c4ca4450ac2974ba5eeb4832b7ec724a,automotivo,8581055ce74af1daba164fdbd55a40de
canceled,114e0ad5d9cd8931d7541e1331bdb503,cama_mesa_banho,dd2bdf855a9172734fbc3744021ae9b9
canceled,f184018d4bdb5a578d594906fdff974e,ferramentas_jardim,1127b7f2594683f2510f1c2c834a486b
canceled,a31ecde4565b9e5e70a4ac17fb47174c,bebes,4c8b8048e33af2bf94f2eb547746a916
canceled,4551b488487e6cfa31f9e35073d3c5d4,beleza_saude,ecccfa2bb93b34a3bf033cc5d1dcdc69
canceled,16b812958d1a00bb75c3256b05b5a632,eletroportateis,9674754b5a0cb32b638cec001178f799
canceled,a9569e5470a944e2c8787ab08b6e26ed,moveis_decoracao,994f04b3718c2bab35c2adfa8afecd2a
canceled,e2557098c56afd06a929b32a63b5f856,beleza_saude,cc419e0650a3c5ba77189a1882b7556a
canceled,93aa3d58f7f2a97010801f8ff8dc45a5,esporte_lazer,92992bec39dde5766f590d3b1f46d465
canceled,bfcec6fcc6a68c5505537bb8a0a38039,esporte_lazer,c3867b4666c7d76867627c2f7fb22e21
canceled,966f96af9d189dc428ff04ebbca821b8,brinquedos,5f2684dab12e59f83bef73ae57724e45
canceled,a37ddd895baf6a663cd42465aa1a1d10,informatica_acessorios,6973a06f484aacf400ece213dbf3d946
canceled,6ad336dba0613cde0e5717f50dc8c669,informatica_acessorios,f457c46070d02cadd8a68551231220dd
canceled,808c7c69c2778bdf4689eee0286e2bef,moveis_decoracao,8a32e327fe2c1b3511609d81aaf9f042
canceled,808c7c69c2778bdf4689eee0286e2bef,moveis_decoracao,8a32e327fe2c1b3511609d81aaf9f042
canceled,808c7c69c2778bdf4689eee0286e2bef,moveis_decoracao,8a32e327fe2c1b3511609d81aaf9f042
canceled,808c7c69c2778bdf4689eee0286e2bef,moveis_decoracao,8a32e327fe2c1b3511609d81aaf9f042
canceled,808c7c69c2778bdf4689eee0286e2bef,moveis_decoracao,8a32e327fe2c1b3511609d81aaf9f042
canceled,808c7c69c2778bdf4689eee0286e2bef,moveis_decoracao,8a32e327fe2c1b3511609d81aaf9f042
canceled,7ef8671acf9060d60ac3eb8616a99627,utilidades_domesticas,7040e82f899a04d1b434b795a43b4617
canceled,8652f7789fe1585b439154b7ae0f4285,esporte_lazer,e9779976487b77c6d4ac45f75ec7afe9
canceled,d5fe6827cc4a6ce0562e5e116c627839,esporte_lazer,f7df46c1e0ec44eed5c6726478da4a17
canceled,2cef7c298050b8d6865e77d071529770,informatica_acessorios,ede0c03645598cdfc63ca8237acbe73d
canceled,2b020fc22c27548cc22ee8447edad356,moveis_decoracao,f650a9708fa1bab22bdd8d3a818cc415
canceled,485a9b5ac4906bb7eaac99931164c87b,relogios_presentes,8444e55c1f13cd5c179851e5ca5ebd00
canceled,860455aa7b45766b3d33b051cebc6e27,telefonia,2138ccb85b11a4ec1e37afbd1c8eda1f
canceled,25fd9ab410ed941187c41224aaecd049,bebes,855668e0971d4dfd7bef1b6a4133b41b
canceled,4f1743c0fc4465b3df1209280e727fa6,livros_interesse_geral,4dbd95a08b31ede5c82d3f861cb1ce1a
canceled,83630f2412ec5ad7dc40991d1225e93c,beleza_saude,3febca52652e7209509ccfe61cbde40e
canceled,ee38b45af2d4e705a88a37af7f0cda97,livros_interesse_geral,5a32c398a06c345440bf2a683b017ad3
canceled,e697685891b55205f61d598d64db1c1f,esporte_lazer,44f091b5abab8018f682fce8124b85e5
canceled,d66296945273987f899b24ce13f32f81,cool_stuff,e49c26c3edfa46d227d5121a6b6e4d37
canceled,ec07c952b2e699cd885db38a3c9362f9,beleza_saude,cc419e0650a3c5ba77189a1882b7556a
canceled,a9c6c0298a1b91a7e66a387df066e225,esporte_lazer,c3867b4666c7d76867627c2f7fb22e21
canceled,ab6d84885a2b1513ec4035973c08460f,automotivo,58b98ccb79873e04eac4357cacc590d9
canceled,24f07a52ca6b749c618b46ddb2e94b8a,cama_mesa_banho,b2479f944e1b90cf8a5de1bbfde284d6
canceled,a3ed0979ab701d548275a0f5c844c635,utilidades_domesticas,4830e40640734fc1c52cd21127c341d4
canceled,f4366d9980e6fb925d2ed9a63d8a6e2c,telefonia_fixa,99eaacc9e6046db1c82b163c5f84869f
canceled,53ee943d0767c9dc3922938b2550ab26,climatizacao,e5e33c0d8e7e002f398f5dc4cbbb338f
canceled,0ed61f5ab3280ff43b157a6e91942538,automotivo,ffff564a4f9085cd26170f4732393726
canceled,fdbbb1715d0c62c714e2a8178b95dd54,beleza_saude,cc419e0650a3c5ba77189a1882b7556a
canceled,1046c724dec8bc31545703d07c378073,utilidades_domesticas,e3e15e2c0b9700561efac21c6be48066
canceled,56f251ca89f74d06076966d5d49b9dc6,beleza_saude,cc419e0650a3c5ba77189a1882b7556a
canceled,29b81e2d5bebb9616041efb0ebbc931d,beleza_saude,a416b6a846a11724393025641d4edd5e
canceled,a90966534748634cbb133383bf0eee68,casa_construcao,270297ead4c65a6cd2593960d2af6b21
canceled,38b584be7174802377777bcd60e7a459,brinquedos,5160d23075764e18e07c1f4a87fad743
canceled,66dbde751178d7674bd09f18b6d25006,papelaria,3d871de0142ce09b7081e2b9d1733cb1
canceled,20e87d0bc3b241dd3b4d34a6446d013e,perfumaria,8444e55c1f13cd5c179851e5ca5ebd00
canceled,ee987bbabed0cc87dc5354eb2b661740,eletroportateis,23d7c96d4a1160db1c726b248601b25a
unavailable,4dd47e84e6b8ff4a63d0b8425e6d788e,perfumaria,620c87c171fb2a6dd6e8bb4dec959fc6
canceled,5bca61e411c4fcce08327a8efc371911,utilidades_domesticas,b19f3ca2ea475913750f25a5c37c8d8f
canceled,e248283e6b8ba09b05efea1000d9478b,esporte_lazer,821fb029fc6e495ca4f08a35d51e53a5
canceled,edeae57fd6bee25e030ac14863a6ae0f,utilidades_domesticas,e6a69c4a27dfdd98ffe5aa757ad744bc
canceled,d35703faec55cda0ceeb4f50a4d584ae,automotivo,4ce6e5f6c52515177e18c1c9361d8677
canceled,d8bd004470081a1d36e3fc745cd96951,cool_stuff,82bd0703a4aefd6b599e5bfdaed378fb
canceled,41262f14e0abde70b2d3683fe4b257d6,utilidades_domesticas,725af026f869236a8dd0ceb98564d156
canceled,41262f14e0abde70b2d3683fe4b257d6,utilidades_domesticas,725af026f869236a8dd0ceb98564d156
canceled,0d5a676d302e3fd20182bd158cde4371,esporte_lazer,a17f621c590ea0fab3d5d883e1630ec6
canceled,aa7c3f20fab2d3cb0f76ab5165e47618,pet_shop,718539d38d07dd351c76db862760e2e2
canceled,00ff0cf5583758e6964723e42f111bf4,beleza_saude,b17b679f4f5ce2e03ce6968c62648246
canceled,1118f05e23d1a8082fa47f8a377de658,brinquedos,81783131d2a97c8d44d406a4be81b5d9
canceled,1118f05e23d1a8082fa47f8a377de658,brinquedos,81783131d2a97c8d44d406a4be81b5d9
canceled,4ed4fa202c468c14366fbf603c8698fd,cama_mesa_banho,0be8ff43f22e456b4e0371b2245e4d01
canceled,8e572fc4edc8dafc89bb18bf812916e6,informatica_acessorios,04fdea0c111866e6cf812f1570d6b5bd
canceled,e834a6d9d3cea0c687c250fc654a0232,moveis_decoracao,2a1348e9addc1af5aaa619b1a3679d6b
canceled,e7dfe42bb50a6acce37e168e44260a51,esporte_lazer,8d956fec2e4337affcb520f56fd8cbfd
canceled,8ad1b8de29d062bae836bc7d2cedc391,relogios_presentes,6e85dc5ecd97a61094b89b046a509d8e
canceled,490291524fddde2b31c2e6bec3d9e6da,relogios_presentes,86ccac0b835037332a596a33b6949ee1
canceled,2f763c623e85177077b5a4ee2d3cced5,telefonia,eebb3372362aa9a46975164bed19a7e7
canceled,2f763c623e85177077b5a4ee2d3cced5,telefonia,eebb3372362aa9a46975164bed19a7e7
canceled,9f4f60c24b20845efd8d6b863b571d20,relogios_presentes,7e93a43ef30c4f03f38b393420bc753a
canceled,dbbbc904081f8e928028432e2e3d7686,esporte_lazer,87b740daf17b5d1be335a64164ec6842
canceled,3bb82ee5c8d4849ec722da99ba1bf228,relogios_presentes,7e93a43ef30c4f03f38b393420bc753a
canceled,2c0032906c603dcc21cd954828fa77d0,informatica_acessorios,c1ed9e3daf6154542826a6996af0fb8c
canceled,c9db1bfe07af2c4724a461a704c1ec67,alimentos_bebidas,3a3e46d10f74d8a6ca76e2b538f106a0
canceled,1ec801f67c9ddedd7232db3f8045adef,brinquedos,8f119a0aee85c0c8fc534629734e94fd
canceled,4be69a31714c77604076ab0004055c6c,beleza_saude,0df3984f9dfb3d49ac6366acbd3bbb85
canceled,7ea0cd46b9a8fbf664e537374947787c,papelaria,3d871de0142ce09b7081e2b9d1733cb1
canceled,9c4aacf06d8fee894180123720425a6e,artes,50c361bcf670d16f6df4d52de3dff924
canceled,cd408efeda0fdd3fe5f27134bd065001,malas_acessorios,0be8ff43f22e456b4e0371b2245e4d01
canceled,58ab05a43a2649047ae3906759cea594,fashion_bolsas_e_acessorios,d1b65fc7debc3361ea86b5f14c68d2e2
canceled,113e41a438f06ffae6d1857e01d60c45,instrumentos_musicais,bcf5566870987da7bc811fbc8c5b9fd9
canceled,113e41a438f06ffae6d1857e01d60c45,instrumentos_musicais,bcf5566870987da7bc811fbc8c5b9fd9
canceled,113e41a438f06ffae6d1857e01d60c45,instrumentos_musicais,bcf5566870987da7bc811fbc8c5b9fd9
canceled,113e41a438f06ffae6d1857e01d60c45,instrumentos_musicais,bcf5566870987da7bc811fbc8c5b9fd9
canceled,7738754cace77285b4b13ce8ea5979cb,informatica_acessorios,2e3be8a987a30d7544dbbda6861cc14e
canceled,dccb282b858f9b481824964de4cda528,beleza_saude,86649b1632b1c0e6c0bcb2c90a8b75d8
canceled,aa1ae480ffdf6aefc191b45ebd4fdedb,esporte_lazer,deaadd805612bf94faaa9fa702516e11
canceled,1decf741e38f6bb92236968ffff3b2dc,eletroportateis,ff4ea69c2a729e83e63c7579e4ef8170
canceled,77afc8cdc7d93975016850b0b1b02c90,eletrodomesticos,a2deecd5398f5df4987110c80a1972a3
canceled,3cd7a167d6f4300d15a7c8816c1b29d5,eletroportateis,dadc51ef321949ec9a3ab25cd902e23d
canceled,552e0a8dae101e32155120202f427b71,automotivo,2b1a40c1daabc6ca280c4b815c101841
canceled,552e0a8dae101e32155120202f427b71,automotivo,2b1a40c1daabc6ca280c4b815c101841
canceled,a2714ecbf6eeb3bb9cd7dba6dc1c5e82,utilidades_domesticas,fffd5413c0700ac820c7069d66d98c89
canceled,854f8cb8dacdc3abc4cce7a7df6fcc1f,ferramentas_jardim,1f50f920176fa81dab994f9023523100
canceled,cadd4c5765abf658117f2cc7e2a639c2,utilidades_domesticas,994f04b3718c2bab35c2adfa8afecd2a
canceled,0c2bc0e5935dcca29a9e0cc2e5236a13,instrumentos_musicais,f5a590cf36251cf1162ea35bef76fe84
canceled,770d331c84e5b214bd9dc70a10b829d0,perfumaria,620c87c171fb2a6dd6e8bb4dec959fc6
canceled,73863aca434e1d117e45109bea6f1937,instrumentos_musicais,ce248b21cb2adc36282ede306b7660e5
canceled,90dea0577f835cee1385c71345f7a1d9,telefonia,385799a1cddbd26dfeb9157356a42282
canceled,568392c8ee5c7a3bcb175e386ae76e90,ferramentas_jardim,1127b7f2594683f2510f1c2c834a486b
canceled,fe9fae71b4fa7d05f1934adc54391f8d,papelaria,3d871de0142ce09b7081e2b9d1733cb1
canceled,db0335818a0e49d9d5bbe1ce0a99310e,ferramentas_jardim,dff87e4de60c9736ce8df835951b09bc
canceled,e20f1823b7c3cea563148b3d9864132f,utilidades_domesticas,fa18c782a4866d313cadab567097f8f1
canceled,881a5cda3b897b035971e3fcfce58aa6,informatica_acessorios,a1043bafd471dff536d0c462352beb48
canceled,8beb59392e21af5eb9547ae1a9938d06,brinquedos,46dc3b2cc0980fb8ec44634e21d2718e
canceled,587a39d6ab7297ee16b3d5ebdaa0f776,brinquedos,b2ba3715d723d245138f291a6fe42594
canceled,9512251cbae0778ea863f6242d3e5789,eletronicos,ad87df7699e83b8a91822a4a0b765c3a
canceled,a911878b89655a6ca2a33ed01e1c8d3d,brinquedos,312ba1d77e9c332ef21f9598b7f64cd7
canceled,cb3d8a1cca3468a5e99f78eaf49bce40,brinquedos,8bdd8e3fd58bafa48af76b2c5fd71974
canceled,671ac88df4b1b29a8c7a049140189bcd,informatica_acessorios,9c0e69c7bf2619675bbadf47b43f655a
canceled,4b8e7900278770ffef6b0da3d58dff9a,automotivo,0aa124728afc1131dff5655f4c6f487b
canceled,1cee73866d7513dbc499639d14020ce4,,9646c3513289980f17226a2fc4720dbd
canceled,6a5743b4fba3fe11bd82fb9a759f703d,informatica_acessorios,48162d548f5b1b11b9d29d1e01f75a61
canceled,a190e742e89ce74773221a6d4cba6f10,esporte_lazer,9a84ba99f5367fdbd4598363496f1ea2
unavailable,3c3ca08854ca922fe8e9cedfd6841c8a,automotivo,5206cc4bc2297c833e6061c49bf9c43f
canceled,3fffdbcdd7ed6b3acdb0bdbc5c96df52,instrumentos_musicais,6e2d3e2dc84fb30f6078f39dd3bddd6f
canceled,9c83e5ae8ff2b5cad999c3dc6129a888,telefonia,6edacfd9f9074789dad6d62ba7950b9c
canceled,54a8822ca8bfc9d79e1154a2e20221e0,consoles_games,66e0557ecc2b4dbea057e93f215f68d8
canceled,6cf51ab464bdd9f7b282f5fe72391383,perfumaria,620c87c171fb2a6dd6e8bb4dec959fc6
canceled,a402af38a74c44926247db438245d95c,instrumentos_musicais,b7cc6c5e001441ae8cdd5c69a480cbe4
canceled,2f6492ebb2badd06db511b63ae7d7f55,informatica_acessorios,a1043bafd471dff536d0c462352beb48
canceled,4a6f0e75398881152007f6ab2d3f5159,cama_mesa_banho,7caa63f175b1cecbfaadd8b5ab9998c7
canceled,19dec7b3d6fb0a5d9407f7274da21398,utilidades_domesticas,ea6b12bf9ffe2bac34602ec631d97a47
canceled,7fa41d59cc693e0ed84f2668b7ebe4d7,informatica_acessorios,557f22c76691849db52d2abccf0015d0
unavailable,54bb06e1ca86bd99ee2a8d6288bf4ede,cool_stuff,cf281cf8b7affbdfe751b29cc85580e1
canceled,c052b5075e9fd0d83a3d2b183e6e0df1,informatica_acessorios,60ad151920c4f6f3ebbe8cfdf6166779
canceled,991dc90330a54fbf3461dec5bf8226ec,brinquedos,81783131d2a97c8d44d406a4be81b5d9
canceled,eb79d602c28b8782807ca17e4ba806cc,audio,7040e82f899a04d1b434b795a43b4617
canceled,162b2345ef3cc0551c0a32058840a2ec,esporte_lazer,e2aee0892199b1d92530e371abd825bf
canceled,618ab5fa2138dcabd9046d13f1294fb9,eletronicos,630008e0f062605a415d694489f6f82e
canceled,618ab5fa2138dcabd9046d13f1294fb9,eletronicos,630008e0f062605a415d694489f6f82e
canceled,f0685863a01cc11a10508d43e2131155,ferramentas_jardim,1127b7f2594683f2510f1c2c834a486b
canceled,64a8b3b4c19751b51d211deb32fdc67b,livros_interesse_geral,fc5a0d7a310a7a41abf86a458585ff2b
canceled,eb0393138e2e8b7164947608489f069e,,eddd1991bd6d9309995a480c39b95137
canceled,f76d5b8ea5928ea9b289b5f485e4846a,esporte_lazer,25debeafbce801fdd479539350185eee
canceled,be3b8d058b8100d8a2539ce0b2c6ec0b,relogios_presentes,fa1c13f2614d7b5c4749cbc52fecda94
canceled,f79644ec98219489ae16ee7aabac4ebb,eletronicos,e439f7176d763f92de325271111b2fd5
canceled,9b4a1422c8b4e65d9ab330d8d32deddf,,e627629ba868740e287800f1a9be81c2
canceled,298787a86f7ed145b210dfa7262fca2f,ferramentas_jardim,1127b7f2594683f2510f1c2c834a486b
canceled,454a297f19c15e3f7a16c16961029402,esporte_lazer,cd68562d3f44870c08922d380acae552
canceled,3f5d83fd2c551b9eeac583644c97ad09,consoles_games,90d4125885ab6c86e8820a722be71974
canceled,3f5d83fd2c551b9eeac583644c97ad09,consoles_games,90d4125885ab6c86e8820a722be71974
canceled,0197416059c0e56b5344bf2188066317,telefonia,87e24fc7052259b1f7f607d61c10d8be
canceled,131ca8643d9f990f2ab26e3a33ec7950,cool_stuff,12b9676b00f60f3b700e83af21824c0e
canceled,1d911134e95ec6f299e80fe19b5b88c5,portateis_cozinha_e_preparadores_de_alimentos,ea1776927851da2532aa70d6a32c095a
canceled,da7af77d5f98212a8c1ad0b1c552f102,esporte_lazer,218d46b86c1881d022bce9c68a7d4b15
canceled,da7af77d5f98212a8c1ad0b1c552f102,esporte_lazer,218d46b86c1881d022bce9c68a7d4b15
canceled,ded456690bcb2ffd4def86541479037f,bebes,2ff97219cb8622eaf3cd89b7d9c09824
canceled,058e0a8627dc25b49eae4ce6ca658cb8,construcao_ferramentas_iluminacao,278b6e0b20c4f61fefaa0577943d7a35
canceled,058e0a8627dc25b49eae4ce6ca658cb8,construcao_ferramentas_iluminacao,278b6e0b20c4f61fefaa0577943d7a35
canceled,c2dd3125d2c742a487adbbd0704b4775,relogios_presentes,f4c4daa86e30c7e5a553a8d518ac03a5
canceled,e0b4e92a39bc8b93bc4ff121772819ea,beleza_saude,2c3d56f92f360fb89d849b84e8f50eae
canceled,1057bf6391c17f9b6960dd996029e1dc,utilidades_domesticas,10ff823eda2b032e2c93d17a7d294736
canceled,3e70edc835c9b04809623f518a513d00,automotivo,f235413f677777a0738ff215d0184901
canceled,fe9aa3b22b4d65ccbaffb57984bc12fb,brinquedos,0432ead42b6c8a0bdf68154add917fdf
canceled,76d18695761c18ab2f2a9f6f1b3ea3e5,brinquedos,42bde9fef835393bb8a8849cb6b7f245
canceled,96b947c986b42f213c9e6b8ccccedb89,moveis_escritorio,1ca4bdb0cd7fc48e949bac066188ed26
canceled,8d171a848151e69e8f090fdbb50d4010,cama_mesa_banho,4a3ca9315b744ce9f8e9374361493884
canceled,0a0e76ba55e310fd24657a1f532b97c1,moveis_cozinha_area_de_servico_jantar_e_jardim,f543ba3c973276f519d89d59bd46cead
canceled,2922d9dd6672241cb658a40bf507e4b1,utilidades_domesticas,71271995e85f5b8530be99ed54a91b89
canceled,6e27f04e8947d6be930769e3ce557bdf,alimentos_bebidas,3820c6537b3853be1a0687d5a60807ec
canceled,0148d3df00cebda592d4e5f966e300cc,utilidades_domesticas,0adac9fbd9a2b63cccaac4f8756c1ca8
canceled,0148d3df00cebda592d4e5f966e300cc,utilidades_domesticas,0adac9fbd9a2b63cccaac4f8756c1ca8
canceled,0148d3df00cebda592d4e5f966e300cc,utilidades_domesticas,0adac9fbd9a2b63cccaac4f8756c1ca8
canceled,0148d3df00cebda592d4e5f966e300cc,utilidades_domesticas,0adac9fbd9a2b63cccaac4f8756c1ca8
canceled,0148d3df00cebda592d4e5f966e300cc,utilidades_domesticas,0adac9fbd9a2b63cccaac4f8756c1ca8
canceled,e1cbcc0a628610d3a838acf58bb4a8a5,cama_mesa_banho,3d5d0dc7073a299e31fa718ce1bc00b6
canceled,c80cc9af6bd1c32747e2f79bc4ad031e,livros_interesse_geral,ffcfefa19b08742c5d315f2791395ee5
canceled,cc6c9b89f70b32d7fe075718e0fc58e7,cool_stuff,ceaec5548eefc6e23e6607c5435102e7
canceled,750ed62dff96bf5713b8c6a6bbfdc948,informatica_acessorios,d6cd01c59123df02fc226eadbadb5f89
canceled,750ed62dff96bf5713b8c6a6bbfdc948,informatica_acessorios,d6cd01c59123df02fc226eadbadb5f89
canceled,d43302fdeb00a216e03f8c14c1aa95c5,consoles_games,90d4125885ab6c86e8820a722be71974
canceled,d43302fdeb00a216e03f8c14c1aa95c5,consoles_games,90d4125885ab6c86e8820a722be71974
canceled,7806407a20e7d38caef6b35ea7757142,moveis_decoracao,ec4608a1f76453166bb312b2968aeaf4
canceled,7806407a20e7d38caef6b35ea7757142,moveis_decoracao,ec4608a1f76453166bb312b2968aeaf4
canceled,7806407a20e7d38caef6b35ea7757142,moveis_decoracao,ec4608a1f76453166bb312b2968aeaf4
canceled,7806407a20e7d38caef6b35ea7757142,moveis_decoracao,ec4608a1f76453166bb312b2968aeaf4
canceled,7806407a20e7d38caef6b35ea7757142,moveis_decoracao,ec4608a1f76453166bb312b2968aeaf4
canceled,7806407a20e7d38caef6b35ea7757142,moveis_decoracao,ec4608a1f76453166bb312b2968aeaf4
canceled,9b4fc5c379134e1329bd48641ba285e3,esporte_lazer,8132b9bd16876e1b0f8808d43825dd48
canceled,9b4fc5c379134e1329bd48641ba285e3,esporte_lazer,8132b9bd16876e1b0f8808d43825dd48
canceled,1f9624a22a45c44073523bcf6f1c47a2,fashion_bolsas_e_acessorios,d73cbd89533ce8b041a9190241453ac8
canceled,dba741d70126a95feb85435175370edc,informatica_acessorios,f457c46070d02cadd8a68551231220dd
canceled,cb599c234fc71be7c137179b6d473a30,papelaria,2a84855fd20af891be03bc5924d2b453
canceled,799dc0fd216e2a8e571a2684ddb6f940,brinquedos,ea6b12bf9ffe2bac34602ec631d97a47
canceled,c08dd05931abd8cb08aad3d31e39bfed,telefonia_fixa,cfa5ab0e4d3fc212fd0b3410e7081c62
canceled,14904245b311483b6886be3c2e717e76,relogios_presentes,6560211a19b47992c3666cc44a7e94c0
canceled,d15a203ea25983a3a17ec382a8a9122e,automotivo,1fddcb7b326905d3ad5efe82187db347
canceled,bb0bb419d930e4bc8c823fc4379347fb,automotivo,7ddcbb64b5bc1ef36ca8c151f6ec77df
canceled,c7a5d101d4b6ed70eacc97c78158eadd,relogios_presentes,634964b17796e64304cadf1ad3050fb7
canceled,d7cc5fcfee9af53fcd78bb47e4e55584,perfumaria,17e34d8224d27a541263c4c64b11a56b
canceled,13d341318c77969f10d77e1382957542,beleza_saude,2e1a7d075abe038c1b2743005fe42ff1
canceled,641936471bfc717987f997bfed150bd6,esporte_lazer,cb3dd9ce66268c7a3ca7241ac70ab58c
canceled,83e6338b5cf25dcf222551cb8da8d0d6,cool_stuff,961dff0a659b4561334372337dd897d9
canceled,1db2abc72703311e809fc353b3cc4b65,,53e4c6e0f4312d4d2107a8c9cddf45cd
canceled,05b3514bb9492bc0eb20959fbf445927,bebes,ec21206b7894c503788a684a7bc822a6
canceled,e95c2973b9be01bfe69bd4e1f33346fa,esporte_lazer,bc47d5d1490df2b36add65d733eafaba
canceled,9ec3685b1f21c7dfff4f656392b186dd,automotivo,8581055ce74af1daba164fdbd55a40de
canceled,54ee4ac3ad09faa2237f8a844b4d7b92,brinquedos,3a4127e1ba7208ea37044c5092aae170
canceled,2a490849da4cef28b5edaea693b89ac7,brinquedos,b98b715fe9e276204e2a3464f48cd796
canceled,b803962943a08a081c52d087e852358c,beleza_saude,a416b6a846a11724393025641d4edd5e
canceled,a8a3eaaf155bc111acb10e0536a9e753,perfumaria,c33a5c3c983090c8b78a28e65052a20d
canceled,fc3c882665c98c9b737a7b1b3aa6c553,cama_mesa_banho,2528513dd95219a6013d4d05176e391a
canceled,caf12c43defcd1c679e73f2398192965,informatica_acessorios,20b54c376b794ed028df09a3cd88e8dc
canceled,dbcf37e35ce87b02f0707de96a6b99db,moveis_decoracao,8fff28c4263ddec387f28d237fb42773
canceled,acb57c5603a88c7f205dab4c1d8cd344,beleza_saude,a416b6a846a11724393025641d4edd5e
canceled,078f6a01964ee122ef20881df839af31,eletrodomesticos_2,c004e5ea15737026cecaee0447e00b75
canceled,10ade03150da4c3a784807bae033f361,esporte_lazer,751bdc4d83a466c7206cd42e8f426b03
canceled,fb265b2dc558a56445dfc48f8224e201,beleza_saude,128f9bfbe4c7d5185033914b1de3d39a
canceled,eba9f7d9010e498a2fdd4a48583db537,utilidades_domesticas,ab3e0c171fe84a7ba7de130f19cfb485
canceled,eba9f7d9010e498a2fdd4a48583db537,utilidades_domesticas,ab3e0c171fe84a7ba7de130f19cfb485
canceled,eba9f7d9010e498a2fdd4a48583db537,utilidades_domesticas,ab3e0c171fe84a7ba7de130f19cfb485
canceled,583174fbe37d3d5f0d6661be3aad1786,malas_acessorios,0be8ff43f22e456b4e0371b2245e4d01
canceled,d98c5ae5ced12b3d997f7b614a8f1bb7,informatica_acessorios,6ee85be3693ed79a8e80718743d80655
canceled,d98c5ae5ced12b3d997f7b614a8f1bb7,informatica_acessorios,6ee85be3693ed79a8e80718743d80655
canceled,d98c5ae5ced12b3d997f7b614a8f1bb7,informatica_acessorios,6ee85be3693ed79a8e80718743d80655
canceled,d98c5ae5ced12b3d997f7b614a8f1bb7,informatica_acessorios,6ee85be3693ed79a8e80718743d80655
canceled,d98c5ae5ced12b3d997f7b614a8f1bb7,informatica_acessorios,6ee85be3693ed79a8e80718743d80655
canceled,dd517e36df351de8139a960329ab58da,beleza_saude,916c9de0b5ad957346eeeb12f332687e
canceled,8ff1992743a7f3a6daffc9ec9db05cbc,relogios_presentes,1352e06ae67b410cdae0b2a22361167b
canceled,ab25d035abca0cb6c74fff900e926246,consoles_games,90d4125885ab6c86e8820a722be71974
canceled,913677abacbcdc2b2f18b3ec362a0cdd,esporte_lazer,4aba391bc3b88717ce08eb11e44937b2
canceled,127f3dbf0dfc0da17005ba12e05d988c,ferramentas_jardim,2fdde51ad3e12f297da656d4fbd5d0b5
unavailable,1a47da1d66c70489c8e35fe2b5433ab7,perfumaria,620c87c171fb2a6dd6e8bb4dec959fc6
canceled,2efab00b70c96a73f5fed910d373957a,relogios_presentes,6560211a19b47992c3666cc44a7e94c0
canceled,2efab00b70c96a73f5fed910d373957a,relogios_presentes,6560211a19b47992c3666cc44a7e94c0
canceled,457afd8c764234eb93f7a25268578440,eletrodomesticos_2,4917cee8d902e13428c3ec4b1ca6f315
canceled,4f259869d5c650af6f847b027032515b,eletroportateis,a4e634166243bbb3a13fa584463fa468
canceled,01e7cf79ff6fdb0a65634f714c67dd24,,e5a3438891c0bfdb9394643f95273d8e
canceled,14cfc006132ad861a3d1b6c7bb9fd8a6,climatizacao,6a51fc556dab5f766ced6fbc860bc613
canceled,d3afe40f7060b3287d948a6bdea42687,beleza_saude,4371b634e0efc0e22b09b52907d9d469
canceled,ab76f54a321a0431ef243b3b6865078b,papelaria,de23c3b98a88888289c6f5cc1209054a
canceled,3ac2529f6e36838d812d40688453abff,relogios_presentes,b98b715fe9e276204e2a3464f48cd796
canceled,657467884d9a109179d820f67575db18,market_place,9add47bf45ce8e8c7db6b9cf670b1e09
canceled,88b90300d5ba09ea058e45b94c98b808,informatica_acessorios,2e3be8a987a30d7544dbbda6861cc14e
canceled,47880652c5245fbeccfe7a58e8d841e5,moveis_decoracao,82e0a475a88cc9595229d8029273f045
canceled,4472eca3b65b1dca5e0d59c0e4e0c6bc,relogios_presentes,6560211a19b47992c3666cc44a7e94c0
canceled,821c1b3c87d17a24efad81096bee5f09,,92c8bc6e8f925792247656fed09aad65
canceled,667a6d329a62f026cfb2e41a6510a858,cama_mesa_banho,41b39e28db005d9731d9d485a83b4c38
canceled,d67b79fea59821fda4d363d337a56c3a,moveis_decoracao,5a8e7d5003a1f221f9e1d6e411de7c23
canceled,71303d7e93b399f5bcd537d124c0bcfa,bebes,25e6ffe976bd75618accfe16cefcbd0d
canceled,5fa64c45b0cb986d05533f91c67c801e,perfumaria,afe0067131b73e40875c9b6c10bd2e21
canceled,ed3b18e876bbc16bfe330cd934aa0f68,bebidas,5075aaa8404020ae6aa8bf4792099b41
canceled,57a82f32fdb1ce036662861d8dbb6a6b,fashion_roupa_masculina,dc8798cbf453b7e0f98745e396cc5616
unavailable,2fd1c83dd4714cf3cf796fffb6c8de62,bebes,3d01d1c414c44b5943a09619ff3853cb
unavailable,2fd1c83dd4714cf3cf796fffb6c8de62,bebes,61f159ef6da2d441951d2c0efa719362
canceled,f7dca277a6bb273200598f0e36319d94,moveis_decoracao,2078fe5066350e7d220c0ad3a3bbc6c1
canceled,9f0e70e8d046d9e0626bbdaf1aff88c4,moveis_decoracao,6c7d50c24b3ccd2fd83b44d8bb34e073
canceled,30d7af26cb5f8577b5c6a0164dc814c5,fraldas_higiene,1992f8fb6b19fcccd97ca819811e7267
canceled,e166acfe96bd9d1f25a6c905d7ca39fd,automotivo,b1b3948701c5c72445495bd161b83a4c
canceled,45863486f903e4fbfe9a18dd7aebb8d3,brinquedos,0432ead42b6c8a0bdf68154add917fdf
canceled,d0fcf3d6dcc18a5c4ac51f06a56ec683,automotivo,f12ff17ad8bbf01ec5c33b17e506649b
canceled,a8b78b69f09b2a198f5a89c1897f8c72,,afac9f6b0c4e5f0a7ee87e922cd0f873
canceled,6b5ccf5385890198c54fa97afe4812bc,informatica_acessorios,5b8154610ebb21fb90eb587365e673df
canceled,98464a5096e400810b94bb93f38924c9,cool_stuff,c4f7fee5b0db50e87766f5a4d1b1b758
canceled,a9491b6c990bc3b79967c5f058e46d8f,beleza_saude,a416b6a846a11724393025641d4edd5e
canceled,46eb75885eca03736c4188871c0a9ba3,esporte_lazer,440dd6ab244315c632130ecfb63827b1
canceled,00310b0c75bb13015ec4d82d341865a4,utilidades_domesticas,a2deecd5398f5df4987110c80a1972a3
canceled,f8f45ebeb38088c44d98d201371ea345,utilidades_domesticas,835f0f7810c76831d6c7d24c7a646d4d
canceled,a9bfa6ed984d0688f6e53d537d9f69b0,automotivo,2138ccb85b11a4ec1e37afbd1c8eda1f
canceled,45875d4bdc0209b3020175f4151d9850,cama_mesa_banho,c7fdb77fdbff3c41981bc52f787e959e
canceled,457cb961f89e32569e2d9a737a65b3bb,bebes,4c8b8048e33af2bf94f2eb547746a916
canceled,119d388c6a2ceb03620dcd86c45f65a5,utilidades_domesticas,b6d44737c043328708f6749c2dbe50bd
canceled,7d92b1e737c6ee25a66b4bddf1f8be8d,esporte_lazer,751bdc4d83a466c7206cd42e8f426b03
canceled,0691511b757c6190f85d5c20481ddae1,beleza_saude,392e0502231ae2f8b29994ef6398cd77
canceled,5d366aa092ca44b2efb23f0c5d1e3726,beleza_saude,620c87c171fb2a6dd6e8bb4dec959fc6
canceled,0584a31bb6abbd3dcc27e2d464ac863d,construcao_ferramentas_construcao,ec2e006556300a79a5a91e4876ab3a56
canceled,79fe48b364804e62431c8f465e16f76e,pet_shop,c4b911d06343b21dd906651f8101cb49
canceled,442474d2063d0b9b957785f2e4773865,esporte_lazer,4d6d651bd7684af3fffabd5f08d12e5a
canceled,a1e04e78fc657db74aaba58eca1e87a9,fashion_calcados,3078096983cf766a32a06257648502d1
canceled,ca7296a83aa279afb28c2388a4f48891,beleza_saude,cc419e0650a3c5ba77189a1882b7556a
canceled,88a7f34793df2b92c81d02a09cec8e89,consoles_games,fcb5ace8bcc92f75707dc0f01a27d269
canceled,bfd31c6f76ff82a41e7beb05565aec4d,telefonia,b7ba853e9551f4558440881fd3e5c815
canceled,550f1d2fa6888807a4ffb1d80d06f899,esporte_lazer,8b28d096634035667e8263d57ba3368c
canceled,f13f9687a8bac6985d50487fb92000ba,cama_mesa_banho,41b39e28db005d9731d9d485a83b4c38
canceled,0a7f4604ee9cab65020038275efe1d76,construcao_ferramentas_jardim,66d5ae34537110d3affc56174dad2b2f
canceled,0a7f4604ee9cab65020038275efe1d76,construcao_ferramentas_jardim,66d5ae34537110d3affc56174dad2b2f
canceled,0a7f4604ee9cab65020038275efe1d76,construcao_ferramentas_jardim,66d5ae34537110d3affc56174dad2b2f
canceled,765917871914309e5c5f9ed151155ad4,relogios_presentes,6560211a19b47992c3666cc44a7e94c0
canceled,a162da83b66ff8c619d83b87c1de93b9,pet_shop,880eda903e719a5f179f7e9fceb3a69d
canceled,0e5e60b0cddf73f60eb73fac19f590cf,ferramentas_jardim,a1043bafd471dff536d0c462352beb48
canceled,cf5508a6ae55421646b0683bb605ac74,informatica_acessorios,4bc3d93e4a5f88a598d3d8ce4ae510b3
canceled,ec36a2bdf65bba1742263a91c4f251ae,moveis_sala,4d6fb82c629c7a5028bfd973c07b05e0
canceled,f62c7996783afdbec5f6c8afc0c8a040,informatica_acessorios,18a349e75d307f4b4cc646a691ed4216
canceled,4c1eb4e6d52d42048614e4c46f3c5f9e,utilidades_domesticas,725af026f869236a8dd0ceb98564d156
canceled,27d6012b882832dc9ddcf34304eeb77c,fashion_bolsas_e_acessorios,272f092de69afedd4d2969440b37f18f
canceled,f319cdb9500c67c7a9f1b340da9c2d4d,beleza_saude,cc419e0650a3c5ba77189a1882b7556a
canceled,ac7431b880a4ca43d70096a6dfa49071,moveis_decoracao,87f3e35268860433e13d577825aada95
canceled,41c3bd8a34828a1a9ed3bae14a535afe,moveis_decoracao,bd23da7354813347129d751591d1a6e2
canceled,0b16257b1b7ee0922ea03954f2cae85a,brinquedos,81783131d2a97c8d44d406a4be81b5d9
canceled,17a4db677e57484f24eb68217b8de4c1,informatica_acessorios,7994081388d55b9cf976c050653dd359
canceled,17a4db677e57484f24eb68217b8de4c1,informatica_acessorios,7994081388d55b9cf976c050653dd359
canceled,17a4db677e57484f24eb68217b8de4c1,informatica_acessorios,7994081388d55b9cf976c050653dd359
canceled,17a4db677e57484f24eb68217b8de4c1,informatica_acessorios,7994081388d55b9cf976c050653dd359
canceled,17a4db677e57484f24eb68217b8de4c1,informatica_acessorios,7994081388d55b9cf976c050653dd359
canceled,65d1e226dfaeb8cdc42f665422522d14,esporte_lazer,ed49da7cadefc454d6a67de249eab240
canceled,f63cd97f8f1db2eb266fb3bc2b4a95f3,utilidades_domesticas,7bcd7c5f8631701474db233ccf1c094b
canceled,d1edb80f6670902ebbb11765b96873da,,e603cf3fec55f8697c9059638d6c8eb5
canceled,7a56ded9b696cca5e892f56f49b1921a,beleza_saude,7e1fb0a3ebfb01ffb3a7dae98bf3238d
canceled,47e96b5cb6f0592d336b6bf8a817d1c3,utilidades_domesticas,0adac9fbd9a2b63cccaac4f8756c1ca8
canceled,56fd7f1e63ea8177e02f64f5077ee7f3,telefonia,818d28f936e791926d33bcb6ee94ef79
canceled,5aa551497a6e4522899b4a89a3eeff5f,livros_interesse_geral,669ae81880e08f269a64487cfb287169
canceled,964bc1b427d6a485b515efcab9985e68,informatica_acessorios,88460e8ebdecbfecb5f9601833981930
canceled,c9f06c1229ec7cd4ec9aed55d434b499,beleza_saude,7e1fb0a3ebfb01ffb3a7dae98bf3238d
canceled,2c45c33d2f9cb8ff8b1c86cc28c11c30,fashion_bolsas_e_acessorios,0cbcee27c791afa0cdcb08587a2013a8
canceled,0f42926c2892dcd8785fd0c27c5876aa,esporte_lazer,a17f621c590ea0fab3d5d883e1630ec6
canceled,8501926dd0837d694fc5af339c02a6b2,esporte_lazer,001e6ad469a905060d959994f1b41e4f
canceled,c4fe474b612c47a9371f3404c98aa380,esporte_lazer,432c37c9dfba871172ec162e20118b8c
canceled,167d05678f810589a854d30460ae62f0,esporte_lazer,d05ae8f7a5bd1d2a690a44cd079e4e27
canceled,1def7af24cb7182497acfd953f6dd88b,esporte_lazer,a2e874074c877c5a05abae80ad6e488f
canceled,ee6c0c64fe661230879a8491ce7dac76,artigos_de_natal,9f56a7a649097b166d8ed286ad86a15c
canceled,716bcd6dfe99970baf4aed2083136ed8,brinquedos,5b581417df4480f632484ba681e53944
canceled,9acc95f3652577fb8a5c8b1a7ee9bd96,utilidades_domesticas,e3e15e2c0b9700561efac21c6be48066
canceled,d4ceda456a12b48a1f8a592aa2070b30,cool_stuff,23d7c96d4a1160db1c726b248601b25a
canceled,f5b3a06b2ac88029188565f5e8bf4347,fashion_calcados,5dceca129747e92ff8ef7a997dc4f8ca
canceled,b41b68092121772821fcdd6f7fb1594c,esporte_lazer,76d336555bb25f3165d2f0d6da719c40
canceled,affcfd3067c168967157abe801a3c4ec,relogios_presentes,6560211a19b47992c3666cc44a7e94c0
canceled,2be6c8b958e16856397259974d4abee9,fashion_bolsas_e_acessorios,83d7070a0b9a8b4625fa8682b819fabb
canceled,f5f8998eee8ec7bc513dc52847d64ce0,moveis_decoracao,f09e26011d833ddab11593c1a097a92a
canceled,5a8a4dc28b16fb90469ad749f9535773,ferramentas_jardim,666658b8da8370f30e1f89893b1de5e6
canceled,5a8a4dc28b16fb90469ad749f9535773,ferramentas_jardim,666658b8da8370f30e1f89893b1de5e6
canceled,b159d0ce7cd881052da94fa165617b05,automotivo,8501d82f68d23148b6d78bb7c4a42037
canceled,6560fb10610771449cb0463c5ba12199,informatica_acessorios,897060da8b9a21f655304d50fd935913
canceled,6560fb10610771449cb0463c5ba12199,informatica_acessorios,897060da8b9a21f655304d50fd935913
